id,name,kind,cost,rarity,sprite,damageDie,damageType,proficiencyCategory,rangeType,properties,enchantmentBonus,enchantment,enchantments,bonusDamageDie,bonusDamageType,isMonkWeapon,to_hit_count,to_hit_die,to_hit_flat,dmg_bonus_count,dmg_bonus_die,dmg_bonus_flat,dmg_bonus_type
unarmed,Unarmed Strike,weapon,0,,,1,bludgeoning,Unarmed,Melee,,,,,,,true,,,,,,,
club,Club,weapon,1,,/assets/weapons/club.png,1d4,bludgeoning,Simple,Melee,Light,,,fire|ice|thunder|earth|energy,,,true,,,,,,,
dagger,Dagger,weapon,2,,/assets/weapons/dagger.png,1d4,piercing,Simple,Melee or Ranged,Finesse|Light|Thrown (range 20/60),,,,,,true,,,,,,,
greatclub,Greatclub,weapon,2,,/assets/weapons/greatclub.png,1d8,bludgeoning,Simple,Melee,Two-Handed,,,,,,,,,,,,,
handaxe,Handaxe,weapon,5,,/assets/weapons/handaxe.png,1d6,slashing,Simple,Melee or Ranged,Light|Thrown (range 20/60),,,fire|ice|thunder|earth|energy,,,,,,,,,,
javelin,Javelin,weapon,5,,/assets/weapons/javelin.png,1d6,piercing,Simple,Melee or Ranged,Thrown (range 30/120),,,,,,true,,,,,,,
lightHammer,Light Hammer,weapon,2,,/assets/weapons/light hammer.png,1d4,bludgeoning,Simple,Melee or Ranged,Light|Thrown (range 20/60),,,,,,,,,,,,,
mace,Mace,weapon,5,,/assets/weapons/mace.png,1d6,bludgeoning,Simple,Melee,,,,,,,true,,,,,,,
quarterstaff,Quarterstaff,weapon,2,,/assets/weapons/quarterstaff.png,1d6,bludgeoning,Simple,Melee,Versatile (1d8),,,,,,true,,,,,,,
sickle,Sickle,weapon,1,,/assets/weapons/sickle.png,1d4,slashing,Simple,Melee,Light,,,,,,true,,,,,,,
spear,Spear,weapon,1,,/assets/weapons/spear.png,1d6,piercing,Simple,Melee or Ranged,Thrown (range 20/60)|Versatile (1d8),,,,,,true,,,,,,,
lightCrossbow,Light Crossbow,weapon,25,,/assets/weapons/light crossbow.png,1d8,piercing,Simple,Ranged,Ammunition (range 80/320)|Loading|Two-Handed,,,,,,,,,,,,,
dart,Dart,weapon,5,,/assets/weapons/dart.png,1d4,piercing,Simple,Ranged,Finesse|Thrown (range 20/60),,,,,,,,,,,,,
shortbow,Shortbow,weapon,25,,/assets/weapons/shortbow.png,1d6,piercing,Simple,Ranged,Ammunition (range 80/320)|Two-Handed,,,,,,,,,,,,,
sling,Sling,weapon,1,,/assets/weapons/sling.png,1d4,bludgeoning,Simple,Ranged,Ammunition (range 30/120),,,,,,,,,,,,,
battleaxe,Battleaxe,weapon,10,,/assets/weapons/battleaxe.png,1d8,slashing,Martial,Melee,Versatile (1d10),,,,,,,,,,,,,
flail,Flail,weapon,10,,/assets/weapons/flail.png,1d8,bludgeoning,Martial,Melee,,,,,,,,,,,,,,
glaive,Glaive,weapon,20,,/assets/weapons/glaive.png,1d10,slashing,Martial,Melee,Heavy|Reach|Two-Handed,,,,,,,,,,,,,
greataxe,Greataxe,weapon,30,,/assets/weapons/greataxe.png,1d12,slashing,Martial,Melee,Heavy|Two-Handed,,,,,,,,,,,,,
greatsword,Greatsword,weapon,50,,/assets/weapons/greatsword.png,2d6,slashing,Martial,Melee,Heavy|Two-Handed,,,,,,,,,,,,,
halberd,Halberd,weapon,20,,/assets/weapons/halbert.png,1d10,slashing,Martial,Melee,Heavy|Reach|Two-Handed,,,,,,,,,,,,,
lance,Lance,weapon,10,,/assets/weapons/lance.png,1d12,piercing,Martial,Melee,Reach|Special,,,,,,,,,,,,,
longsword,Longsword,weapon,15,,/assets/weapons/longsword.png,1d8,slashing,Martial,Melee,Versatile (1d10),,,,,,,,,,,,,
maul,Maul,weapon,10,,/assets/weapons/maul.png,2d6,bludgeoning,Martial,Melee,Heavy|Two-Handed,,,,,,,,,,,,,
morningstar,Morningstar,weapon,15,,/assets/weapons/morningstar.png,1d8,piercing,Martial,Melee,,,,,,,,,,,,,,
pike,Pike,weapon,5,,/assets/weapons/pike.png,1d10,piercing,Martial,Melee,Heavy|Reach|Two-Handed,,,,,,,,,,,,,
rapier,Rapier,weapon,25,,/assets/weapons/rapier.png,1d8,piercing,Martial,Melee,Finesse,,,,,,,,,,,,,
scimitar,Scimitar,weapon,25,,/assets/weapons/scimitar.png,1d6,slashing,Martial,Melee,Finesse|Light,,,,,,,,,,,,,
shortsword,Shortsword,weapon,10,,/assets/weapons/shortsword.png,1d6,piercing,Martial,Melee,Finesse|Light,,,,,,true,,,,,,,
trident,Trident,weapon,5,,/assets/weapons/trident.png,1d6,piercing,Martial,Melee or Ranged,Thrown (range 20/60)|Versatile (1d8),,,,,,,,,,,,,
warPick,War Pick,weapon,5,,/assets/weapons/war pick.png,1d8,piercing,Martial,Melee,,,,,,,,,,,,,,
warhammer,Warhammer,weapon,15,,/assets/weapons/warhammer.png,1d8,bludgeoning,Martial,Melee,Versatile (1d10),,,,,,,,,,,,,
whip,Whip,weapon,2,,/assets/weapons/whip.png,1d4,slashing,Martial,Melee,Finesse|Reach,,,,,,,,,,,,,
blowgun,Blowgun,weapon,10,,/assets/weapons/blowgun.png,1,piercing,Martial,Ranged,Ammunition (range 25/100)|Loading,,,,,,,,,,,,,
handCrossbow,Hand Crossbow,weapon,75,,/assets/weapons/hand crossbow.png,1d6,piercing,Martial,Ranged,Ammunition (range 30/120)|Light|Loading,,,,,,,,,,,,,
heavyCrossbow,Heavy Crossbow,weapon,50,,/assets/weapons/heavy crossbow.png,1d10,piercing,Martial,Ranged,Ammunition (range 100/400)|Heavy|Loading|Two-Handed,,,,,,,,,,,,,
longbow,Longbow,weapon,50,,/assets/weapons/longbow.png,1d8,piercing,Martial,Ranged,Ammunition (range 150/600)|Heavy|Two-Handed,,,,,,,,,,,,,
net,Net,weapon,1,,/assets/weapons/net.png,—,—,Martial,Ranged,Thrown (range 5/15)|Special,,,,,,,,,,,,,
dagger+1,Dagger +1,weapon,500,uncommon,/assets/weapons/dagger+1.png,1d4,piercing,Simple,Melee or Ranged,Finesse|Light|Thrown (range 20/60),1,,,,,true,,,,,,,
shortsword+1,Shortsword +1,weapon,500,uncommon,,1d6,piercing,Martial,Melee,Finesse|Light,1,,,,,true,,,,,,,
longsword+1,Longsword +1,weapon,500,uncommon,/assets/weapons/longsword+1.png,1d8,slashing,Martial,Melee,Versatile (1d10),1,,,,,,,,,,,,
rapier+1,Rapier +1,weapon,500,uncommon,,1d8,piercing,Martial,Melee,Finesse,1,,,,,,,,,,,,
handaxe+1,Handaxe +1,weapon,500,uncommon,,1d6,slashing,Simple,Melee or Ranged,Light|Thrown (range 20/60),1,,,,,,,,,,,,
greataxe+1,Greataxe +1,weapon,500,uncommon,/assets/weapons/greataxe+1.png,1d12,slashing,Martial,Melee,Heavy|Two-Handed,1,,,,,,,,,,,,
greatsword+1,Greatsword +1,weapon,500,uncommon,,2d6,slashing,Martial,Melee,Heavy|Two-Handed,1,,,,,,,,,,,,
shortbow+1,Shortbow +1,weapon,500,uncommon,/assets/weapons/shortbow+1.png,1d6,piercing,Simple,Ranged,Ammunition (range 80/320)|Two-Handed,1,,,,,,,,,,,,
longbow+1,Longbow +1,weapon,500,uncommon,,1d8,piercing,Martial,Ranged,Ammunition (range 150/600)|Heavy|Two-Handed,1,,,,,,,,,,,,
shortsword+2,Shortsword +2,weapon,4000,rare,,1d6,piercing,Martial,Melee,Finesse|Light,2,,,,,true,,,,,,,
longsword+2,Longsword +2,weapon,4000,rare,/assets/weapons/longsword+2.png,1d8,slashing,Martial,Melee,Versatile (1d10),2,,,,,,,,,,,,
greatsword+2,Greatsword +2,weapon,4000,rare,,2d6,slashing,Martial,Melee,Heavy|Two-Handed,2,,,,,,,,,,,,
longbow+2,Longbow +2,weapon,4000,rare,,1d8,piercing,Martial,Ranged,Ammunition (range 150/600)|Heavy|Two-Handed,2,,,,,,,,,,,,
longsword+3,Longsword +3,weapon,16000,very rare,/assets/weapons/longsword+3.png,1d8,slashing,Martial,Melee,Versatile (1d10),3,,,,,,,,,,,,
greatsword+3,Greatsword +3,weapon,16000,very rare,,2d6,slashing,Martial,Melee,Heavy|Two-Handed,3,,,,,,,,,,,,